<?xml version="1.0" encoding="UTF-8"?><ImplementationGuide xmlns="http://hl7.org/fhir"><id value="ihe.mcsd.fhir"/><text><status value="extensions"/><div xmlns="http://www.w3.org/1999/xhtml"><h2>IHE.mCSD</h2><p>The official URL for this implementation guide is: </p><pre>http://profiles.ihe.net/ITI/mCSD/ImplementationGuide/ihe.mcsd.fhir</pre><div><p>Implementation Guide for the IHE Mobile Care Services Discovery (mCSD) Supplement.</p>
</div></div></text><url value="http://profiles.ihe.net/ITI/mCSD/ImplementationGuide/ihe.mcsd.fhir"/><version value="0.2.0"/><name value="IHE.mCSD"/><title value="Mobile Care Services Discovery"/><status value="draft"/><experimental value="false"/><date value="2021-04-16"/><publisher value="IHE International - ITI domain Group"/><contact><name value="IHE"/><telecom><system value="url"/><value value="http://ihe.net"/></telecom></contact><description value="Implementation Guide for the IHE Mobile Care Services Discovery (mCSD) Supplement."/><jurisdiction><coding><system value="http://unstats.un.org/unsd/methods/m49/m49.htm"/><code value="001"/></coding></jurisdiction><packageId value="ihe.mcsd.fhir"/><license value="CC0-1.0"/><fhirVersion value="4.0.1"/><definition><extension url="http://hl7.org/fhir/tools/StructureDefinition/ig-parameter"><extension url="code"><valueString value="releaselabel"/></extension><extension url="value"><valueString value="CI Build"/></extension></extension><extension url="http://hl7.org/fhir/tools/StructureDefinition/ig-parameter"><extension url="code"><valueString value="copyrightyear"/></extension><extension url="value"><valueString value="2019+"/></extension></extension><extension url="http://hl7.org/fhir/tools/StructureDefinition/ig-parameter"><extension url="code"><valueString value="autoload-resources"/></extension><extension url="value"><valueString value="true"/></extension></extension><extension url="http://hl7.org/fhir/tools/StructureDefinition/ig-parameter"><extension url="code"><valueString value="path-liquid"/></extension><extension url="value"><valueString value="template/liquid"/></extension></extension><extension url="http://hl7.org/fhir/tools/StructureDefinition/ig-parameter"><extension url="code"><valueString value="path-liquid"/></extension><extension url="value"><valueString value="input/liquid"/></extension></extension><extension url="http://hl7.org/fhir/tools/StructureDefinition/ig-parameter"><extension url="code"><valueString value="path-qa"/></extension><extension url="value"><valueString value="temp/qa"/></extension></extension><extension url="http://hl7.org/fhir/tools/StructureDefinition/ig-parameter"><extension url="code"><valueString value="path-temp"/></extension><extension url="value"><valueString value="temp/pages"/></extension></extension><extension url="http://hl7.org/fhir/tools/StructureDefinition/ig-parameter"><extension url="code"><valueString value="path-output"/></extension><extension url="value"><valueString value="output"/></extension></extension><extension url="http://hl7.org/fhir/tools/StructureDefinition/ig-parameter"><extension url="code"><valueString value="path-suppressed-warnings"/></extension><extension url="value"><valueString value="input/ignoreWarnings.txt"/></extension></extension><extension url="http://hl7.org/fhir/tools/StructureDefinition/ig-parameter"><extension url="code"><valueString value="path-history"/></extension><extension url="value"><valueString value="http://profiles.ihe.net/ITI/mCSD/history.html"/></extension></extension><extension url="http://hl7.org/fhir/tools/StructureDefinition/ig-parameter"><extension url="code"><valueString value="template-html"/></extension><extension url="value"><valueString value="template-page.html"/></extension></extension><extension url="http://hl7.org/fhir/tools/StructureDefinition/ig-parameter"><extension url="code"><valueString value="template-md"/></extension><extension url="value"><valueString value="template-page-md.html"/></extension></extension><extension url="http://hl7.org/fhir/tools/StructureDefinition/ig-parameter"><extension url="code"><valueString value="apply-contact"/></extension><extension url="value"><valueString value="true"/></extension></extension><extension url="http://hl7.org/fhir/tools/StructureDefinition/ig-parameter"><extension url="code"><valueString value="apply-context"/></extension><extension url="value"><valueString value="true"/></extension></extension><extension url="http://hl7.org/fhir/tools/StructureDefinition/ig-parameter"><extension url="code"><valueString value="apply-copyright"/></extension><extension url="value"><valueString value="true"/></extension></extension><extension url="http://hl7.org/fhir/tools/StructureDefinition/ig-parameter"><extension url="code"><valueString value="apply-jurisdiction"/></extension><extension url="value"><valueString value="true"/></extension></extension><extension url="http://hl7.org/fhir/tools/StructureDefinition/ig-parameter"><extension url="code"><valueString value="apply-license"/></extension><extension url="value"><valueString value="true"/></extension></extension><extension url="http://hl7.org/fhir/tools/StructureDefinition/ig-parameter"><extension url="code"><valueString value="apply-publisher"/></extension><extension url="value"><valueString value="true"/></extension></extension><extension url="http://hl7.org/fhir/tools/StructureDefinition/ig-parameter"><extension url="code"><valueString value="apply-version"/></extension><extension url="value"><valueString value="true"/></extension></extension><extension url="http://hl7.org/fhir/tools/StructureDefinition/ig-parameter"><extension url="code"><valueString value="active-tables"/></extension><extension url="value"><valueString value="true"/></extension></extension><grouping id="_dyn_capabilitystatement"><name value="Behavior: Capability Statements"/><description value="The following artifacts define the specific capabilities that different types of systems are expected to have in order to comply with this implementation guide.  Systems conforming to this implementation guide are expected to declare conformance to one or more of the following capability statements."/></grouping><grouping id="_str_profile"><name value="Structures: Resource Profiles"/><description value="These define constraints on FHIR resources for systems conforming to this implementation guide"/></grouping><grouping id="_str_extension"><name value="Structures: Extension Definitions"/><description value="These define constraints on FHIR data types for systems conforming to this implementation guide"/></grouping><resource><extension url="http://hl7.org/fhir/StructureDefinition/implementationguide-page"><valueUri value="CapabilityStatement-IHE.mCSD.CareServicesUpdateSupplier.html"/></extension><reference><reference value="CapabilityStatement/IHE.mCSD.CareServicesUpdateSupplier"/></reference><name value="IHE ITI Mobile Care Services Discovery (mCSD) - Care Services Update Supplier"/><description value="CapabilityStatement for Care Services Update Supplier Actor in the IHE IT Infrastructure Technical Framework Supplement IHE mCSD. See http://wiki.ihe.net/index.php/Mobile_Care_Services_Discovery_(mCSD).  The IHE Profile text is Normative, this conformance resource is Informative."/><groupingId value="_dyn_capabilitystatement"/></resource><resource><extension url="http://hl7.org/fhir/StructureDefinition/implementationguide-page"><valueUri value="CapabilityStatement-IHE.mCSD.CareServicesUpdateConsumer.html"/></extension><reference><reference value="CapabilityStatement/IHE.mCSD.CareServicesUpdateConsumer"/></reference><name value="IHE ITI Mobile Care Services Discovery (mCSD) - Care Services Update Consumer"/><description value="CapabilityStatement for Care Services Update Consumer Actor in the IHE IT Infrastructure Technical Framework Supplement IHE mCSD. See http://wiki.ihe.net/index.php/Mobile_Care_Services_Discovery_(mCSD).  The IHE Profile text is Normative, this conformance resource is Informative."/><groupingId value="_dyn_capabilitystatement"/></resource><resource><extension url="http://hl7.org/fhir/StructureDefinition/implementationguide-page"><valueUri value="CapabilityStatement-IHE.mCSD.CareServicesSelectiveSupplier.LocationDistance.html"/></extension><reference><reference value="CapabilityStatement/IHE.mCSD.CareServicesSelectiveSupplier.LocationDistance"/></reference><name value="IHE ITI Mobile Care Services Discovery (mCSD) - Care Services Selective Supplier Location Distance Option"/><description value="CapabilityStatement for Care Services Selective Supplier Actor with the Location Distance option in the IHE IT Infrastructure Technical Framework Supplement IHE mCSD. See http://wiki.ihe.net/index.php/Mobile_Care_Services_Discovery_(mCSD).  The IHE Profile text is Normative, this conformance resource is Informative."/><groupingId value="_dyn_capabilitystatement"/></resource><resource><extension url="http://hl7.org/fhir/StructureDefinition/implementationguide-page"><valueUri value="CapabilityStatement-IHE.mCSD.CareServicesUpdateSupplier.LocationDistance.html"/></extension><reference><reference value="CapabilityStatement/IHE.mCSD.CareServicesUpdateSupplier.LocationDistance"/></reference><name value="IHE ITI Mobile Care Services Discovery (mCSD) - Care Services Update Supplier Location Distance Option"/><description value="CapabilityStatement for Care Services Update Supplier Actor with the Location Distance option in the IHE IT Infrastructure Technical Framework Supplement IHE mCSD. See http://wiki.ihe.net/index.php/Mobile_Care_Services_Discovery_(mCSD).  The IHE Profile text is Normative, this conformance resource is Informative."/><groupingId value="_dyn_capabilitystatement"/></resource><resource><extension url="http://hl7.org/fhir/StructureDefinition/implementationguide-page"><valueUri value="CapabilityStatement-IHE.mCSD.CareServicesUpdateConsumer.LocationDistance.html"/></extension><reference><reference value="CapabilityStatement/IHE.mCSD.CareServicesUpdateConsumer.LocationDistance"/></reference><name value="IHE ITI Mobile Care Services Discovery (mCSD) - Care Services Update Consumer Location Distance Option"/><description value="CapabilityStatement for Care Services Update Consumer Actor with the Location Distance option in the IHE IT Infrastructure Technical Framework Supplement IHE mCSD. See http://wiki.ihe.net/index.php/Mobile_Care_Services_Discovery_(mCSD).  The IHE Profile text is Normative, this conformance resource is Informative."/><groupingId value="_dyn_capabilitystatement"/></resource><resource><extension url="http://hl7.org/fhir/StructureDefinition/implementationguide-page"><valueUri value="CapabilityStatement-IHE.mCSD.CareServicesSelectiveConsumer.html"/></extension><reference><reference value="CapabilityStatement/IHE.mCSD.CareServicesSelectiveConsumer"/></reference><name value="IHE ITI Mobile Care Services Discovery (mCSD) - Care Services Selective Consumer"/><description value="CapabilityStatement for Care Services Selective Consumer Actor in the IHE IT Infrastructure Technical Framework Supplement IHE mCSD. See http://wiki.ihe.net/index.php/Mobile_Care_Services_Discovery_(mCSD).  The IHE Profile text is Normative, this conformance resource is Informative."/><groupingId value="_dyn_capabilitystatement"/></resource><resource><extension url="http://hl7.org/fhir/StructureDefinition/implementationguide-page"><valueUri value="CapabilityStatement-IHE.mCSD.CareServicesSelectiveConsumer.LocationDistance.html"/></extension><reference><reference value="CapabilityStatement/IHE.mCSD.CareServicesSelectiveConsumer.LocationDistance"/></reference><name value="IHE ITI Mobile Care Services Discovery (mCSD) - Care Services Selective Consumer Location Distance Option"/><description value="CapabilityStatement for Care Services Selective Consumer Actor with the Location Distance Option in the IHE IT Infrastructure Technical Framework Supplement IHE mCSD. See http://wiki.ihe.net/index.php/Mobile_Care_Services_Discovery_(mCSD).  The IHE Profile text is Normative, this conformance resource is Informative."/><groupingId value="_dyn_capabilitystatement"/></resource><resource><extension url="http://hl7.org/fhir/StructureDefinition/implementationguide-page"><valueUri value="CapabilityStatement-IHE.mCSD.CareServicesSelectiveSupplier.html"/></extension><reference><reference value="CapabilityStatement/IHE.mCSD.CareServicesSelectiveSupplier"/></reference><name value="IHE ITI Mobile Care Services Discovery (mCSD) - Care Services Selective Supplier"/><description value="CapabilityStatement for Care Services Selective Supplier Actor in the IHE IT Infrastructure Technical Framework Supplement IHE mCSD. See http://wiki.ihe.net/index.php/Mobile_Care_Services_Discovery_(mCSD).  The IHE Profile text is Normative, this conformance resource is Informative."/><groupingId value="_dyn_capabilitystatement"/></resource><resource><extension url="http://hl7.org/fhir/StructureDefinition/implementationguide-page"><valueUri value="StructureDefinition-IHE.mCSD.FacilityOrganization.html"/></extension><reference><reference value="StructureDefinition/IHE.mCSD.FacilityOrganization"/></reference><name value="mCSD Organization for Facilities"/><description value="A profile on the mCSD Organization profile for mCSD Facilities."/><groupingId value="_str_profile"/></resource><resource><extension url="http://hl7.org/fhir/StructureDefinition/implementationguide-page"><valueUri value="StructureDefinition-IHE.mCSD.Organization.html"/></extension><reference><reference value="StructureDefinition/IHE.mCSD.Organization"/></reference><name value="mCSD Organization"/><description value="A profile on the Organization resource for mCSD."/><groupingId value="_str_profile"/></resource><resource><extension url="http://hl7.org/fhir/StructureDefinition/implementationguide-page"><valueUri value="StructureDefinition-IHE.mCSD.JurisdictionLocation.html"/></extension><reference><reference value="StructureDefinition/IHE.mCSD.JurisdictionLocation"/></reference><name value="mCSD Location for Jurisdictions"/><description value="A profile on the mCSD Location for mCSD Jurisdictions"/><groupingId value="_str_profile"/></resource><resource><extension url="http://hl7.org/fhir/StructureDefinition/implementationguide-page"><valueUri value="StructureDefinition-IHE.mCSD.LocationDistance.html"/></extension><reference><reference value="StructureDefinition/IHE.mCSD.LocationDistance"/></reference><name value="mCSD Location with Distance"/><description value="A profile on the mCSD Location resource for distance searches."/><groupingId value="_str_profile"/></resource><resource><extension url="http://hl7.org/fhir/StructureDefinition/implementationguide-page"><valueUri value="StructureDefinition-IHE.mCSD.Practitioner.html"/></extension><reference><reference value="StructureDefinition/IHE.mCSD.Practitioner"/></reference><name value="mCSD Practitioner"/><description value="A profile on the Practitioner resource for mCSD."/><groupingId value="_str_profile"/></resource><resource><extension url="http://hl7.org/fhir/StructureDefinition/implementationguide-page"><valueUri value="StructureDefinition-IHE.mCSD.HealthcareService.html"/></extension><reference><reference value="StructureDefinition/IHE.mCSD.HealthcareService"/></reference><name value="mCSD HealthcareService"/><description value="A profile on the HealthcareService resource for mCSD."/><groupingId value="_str_profile"/></resource><resource><extension url="http://hl7.org/fhir/StructureDefinition/implementationguide-page"><valueUri value="StructureDefinition-IHE.mCSD.JurisdictionOrganization.html"/></extension><reference><reference value="StructureDefinition/IHE.mCSD.JurisdictionOrganization"/></reference><name value="mCSD Organization for Jurisdictions"/><description value="A profile on the mCSD Organization for mCSD Jurisdictions"/><groupingId value="_str_profile"/></resource><resource><extension url="http://hl7.org/fhir/StructureDefinition/implementationguide-page"><valueUri value="StructureDefinition-IHE.mCSD.FacilityLocation.html"/></extension><reference><reference value="StructureDefinition/IHE.mCSD.FacilityLocation"/></reference><name value="mCSD Location for Facilities"/><description value="A profile on the mCSD Location profile for mCSD Facilities."/><groupingId value="_str_profile"/></resource><resource><extension url="http://hl7.org/fhir/StructureDefinition/implementationguide-page"><valueUri value="StructureDefinition-IHE.mCSD.Location.html"/></extension><reference><reference value="StructureDefinition/IHE.mCSD.Location"/></reference><name value="mCSD Location"/><description value="A profile on the Location resource for mCSD."/><groupingId value="_str_profile"/></resource><resource><extension url="http://hl7.org/fhir/StructureDefinition/implementationguide-page"><valueUri value="StructureDefinition-IHE.mCSD.PractitionerRole.html"/></extension><reference><reference value="StructureDefinition/IHE.mCSD.PractitionerRole"/></reference><name value="mCSD PractitionerRole"/><description value="A profile on the PractitionerRole resource for mCSD."/><groupingId value="_str_profile"/></resource><resource><extension url="http://hl7.org/fhir/StructureDefinition/implementationguide-page"><valueUri value="StructureDefinition-IHE.mCSD.OrganizationHierarchy.html"/></extension><reference><reference value="StructureDefinition/IHE.mCSD.OrganizationHierarchy"/></reference><name value="mCSD Additional Hierarchies extension for mCSD Organization."/><description value="If there are additional hierarchies (such as funding source),then use this extension."/><groupingId value="_str_extension"/></resource><page><nameUrl value="toc.html"/><title value="Table of Contents"/><generation value="html"/><page><nameUrl value="index.html"/><title value="mCSD Home Page"/><generation value="markdown"/></page><page><nameUrl value="1_overview.html"/><title value="Overview"/><generation value="markdown"/></page><page><nameUrl value="2_actors_and_transactions.html"/><title value="Actors and Transactions"/><generation value="markdown"/></page><page><nameUrl value="3_security_considerations.html"/><title value="Security and Privacy Considerations"/><generation value="markdown"/></page><page><nameUrl value="4_grouping.html"/><title value="Grouping Considerations"/><generation value="markdown"/></page><page><nameUrl value="5_testplan.html"/><title value="Test Plan Considerations"/><generation value="markdown"/></page><page><nameUrl value="a_issues.html"/><title value="Open and Closed Considerations"/><generation value="markdown"/></page><page><nameUrl value="domain-Y.html"/><title value="Transaction Y"/><generation value="markdown"/></page><page><nameUrl value="artifacts.html"/><title value="Artifacts Summary"/><generation value="html"/><page><nameUrl value="CapabilityStatement-IHE.mCSD.CareServicesUpdateSupplier.html"/><title value="IHE ITI Mobile Care Services Discovery (mCSD) - Care Services Update Supplier"/><generation value="generated"/></page><page><nameUrl value="CapabilityStatement-IHE.mCSD.CareServicesUpdateConsumer.html"/><title value="IHE ITI Mobile Care Services Discovery (mCSD) - Care Services Update Consumer"/><generation value="generated"/></page><page><nameUrl value="CapabilityStatement-IHE.mCSD.CareServicesSelectiveSupplier.LocationDistance.html"/><title value="IHE ITI Mobile Care Services Discovery (mCSD) - Care Services Selective Supplier Location Distance Option"/><generation value="generated"/></page><page><nameUrl value="CapabilityStatement-IHE.mCSD.CareServicesUpdateSupplier.LocationDistance.html"/><title value="IHE ITI Mobile Care Services Discovery (mCSD) - Care Services Update Supplier Location Distance Option"/><generation value="generated"/></page><page><nameUrl value="CapabilityStatement-IHE.mCSD.CareServicesUpdateConsumer.LocationDistance.html"/><title value="IHE ITI Mobile Care Services Discovery (mCSD) - Care Services Update Consumer Location Distance Option"/><generation value="generated"/></page><page><nameUrl value="CapabilityStatement-IHE.mCSD.CareServicesSelectiveConsumer.html"/><title value="IHE ITI Mobile Care Services Discovery (mCSD) - Care Services Selective Consumer"/><generation value="generated"/></page><page><nameUrl value="CapabilityStatement-IHE.mCSD.CareServicesSelectiveConsumer.LocationDistance.html"/><title value="IHE ITI Mobile Care Services Discovery (mCSD) - Care Services Selective Consumer Location Distance Option"/><generation value="generated"/></page><page><nameUrl value="CapabilityStatement-IHE.mCSD.CareServicesSelectiveSupplier.html"/><title value="IHE ITI Mobile Care Services Discovery (mCSD) - Care Services Selective Supplier"/><generation value="generated"/></page><page><nameUrl value="StructureDefinition-IHE.mCSD.FacilityOrganization.html"/><title value="mCSD Organization for Facilities"/><generation value="generated"/></page><page><nameUrl value="StructureDefinition-IHE.mCSD.Organization.html"/><title value="mCSD Organization"/><generation value="generated"/></page><page><nameUrl value="StructureDefinition-IHE.mCSD.JurisdictionLocation.html"/><title value="mCSD Location for Jurisdictions"/><generation value="generated"/></page><page><nameUrl value="StructureDefinition-IHE.mCSD.LocationDistance.html"/><title value="mCSD Location with Distance"/><generation value="generated"/></page><page><nameUrl value="StructureDefinition-IHE.mCSD.Practitioner.html"/><title value="mCSD Practitioner"/><generation value="generated"/></page><page><nameUrl value="StructureDefinition-IHE.mCSD.HealthcareService.html"/><title value="mCSD HealthcareService"/><generation value="generated"/></page><page><nameUrl value="StructureDefinition-IHE.mCSD.JurisdictionOrganization.html"/><title value="mCSD Organization for Jurisdictions"/><generation value="generated"/></page><page><nameUrl value="StructureDefinition-IHE.mCSD.FacilityLocation.html"/><title value="mCSD Location for Facilities"/><generation value="generated"/></page><page><nameUrl value="StructureDefinition-IHE.mCSD.Location.html"/><title value="mCSD Location"/><generation value="generated"/></page><page><nameUrl value="StructureDefinition-IHE.mCSD.PractitionerRole.html"/><title value="mCSD PractitionerRole"/><generation value="generated"/></page><page><nameUrl value="StructureDefinition-IHE.mCSD.OrganizationHierarchy.html"/><title value="mCSD Additional Hierarchies extension for mCSD Organization."/><generation value="generated"/></page></page></page><parameter><code value="path-resource"/><value value="input/capabilities"/></parameter><parameter><code value="path-resource"/><value value="input/examples"/></parameter><parameter><code value="path-resource"/><value value="input/extensions"/></parameter><parameter><code value="path-resource"/><value value="input/models"/></parameter><parameter><code value="path-resource"/><value value="input/operations"/></parameter><parameter><code value="path-resource"/><value value="input/profiles"/></parameter><parameter><code value="path-resource"/><value value="input/resources"/></parameter><parameter><code value="path-resource"/><value value="input/vocabulary"/></parameter><parameter><code value="path-resource"/><value value="input/maps"/></parameter><parameter><code value="path-resource"/><value value="input/testing"/></parameter><parameter><code value="path-resource"/><value value="input/history"/></parameter><parameter><code value="path-resource"/><value value="fsh-generated/resources"/></parameter><parameter><code value="path-pages"/><value value="template/config"/></parameter><parameter><code value="path-pages"/><value value="input/images"/></parameter><parameter><code value="path-tx-cache"/><value value="input-cache/txcache"/></parameter></definition></ImplementationGuide>