<?xml version="1.0" encoding="UTF-8"?><SearchParameter xmlns="http://hl7.org/fhir"><id value="IHE.mCSD.Organization.HierarchyPartOf"/><url value="http://profiles.ihe.net/ITI/mCSD/SearchParameter/IHE.mCSD.Organization.HierarchyPartOf"/><version value="0.2.0"/><name value="ihe-mcsd-hierarchy-partof"/><status value="active"/><date value="2021-05-28T02:08:12+00:00"/><publisher value="IHE International - ITI domain Group"/><contact><name value="IHE"/><telecom><system value="url"/><value value="http://ihe.net"/></telecom></contact><description value="This Search Parameter enables finding Organizations by the hierarchy part of."/><jurisdiction><coding><system value="http://unstats.un.org/unsd/methods/m49/m49.htm"/><code value="001"/></coding></jurisdiction><code value="ihe-mcsd-hierarchy-partof"/><base value="Organization"/><type value="reference"/><expression value="(extension(&#39;http://profiles.ihe.net/ITI/mCSD/StructureDefinition/IHE.mCSD.OrganizationHierarchy&#39;).extension(&#39;part-of).value as Reference)"/><modifier value="below"/><modifier value="above"/></SearchParameter>