<?xml version="1.0" encoding="UTF-8"?>

<Bundle xmlns="http://hl7.org/fhir">
  <id value="Example-CoreOnly"/>
  <type value="transaction"/>
  <entry>
    <fullUrl value="http://www.example.org/fhir/Organization/Organization-Example"/>
    <resource>
      <Organization>
        <id value="Organization-Example"/>
        <text>
          <status value="generated"/><div xmlns="http://www.w3.org/1999/xhtml"><p><b>Generated Narrative</b></p><p><b>active</b>: true</p><p><b>name</b>: Organization-Example</p></div>
        </text>
        <active value="true"/>
        <name value="Organization-Example"/>
      </Organization>
    </resource>
    <request>
      <method value="PUT"/>
      <url value="Organization"/>
    </request>
  </entry>
  <entry>
    <fullUrl value="http://www.example.org/fhir/Location/Location-Example"/>
    <resource>
      <Location>
        <id value="Location-Example"/>
        <text>
          <status value="generated"/><div xmlns="http://www.w3.org/1999/xhtml"><p><b>Generated Narrative</b></p><p><b>status</b>: active</p><p><b>name</b>: Location-Example</p><p><b>managingOrganization</b>: <a href="#Organization_Organization-Example">See above (Organization/Organization-Example)</a></p></div>
        </text>
        <status value="active"/>
        <name value="Location-Example"/>
        <managingOrganization>
          <reference value="Organization/Organization-Example"/>
        </managingOrganization>
      </Location>
    </resource>
    <request>
      <method value="PUT"/>
      <url value="Location"/>
    </request>
  </entry>
  <entry>
    <fullUrl value="http://www.example.org/fhir/HealthcareService/HealthcareService-Example"/>
    <resource>
      <HealthcareService>
        <id value="HealthcareService-Example"/>
        <text>
          <status value="generated"/><div xmlns="http://www.w3.org/1999/xhtml"><p><b>Generated Narrative</b></p><p><b>providedBy</b>: <a href="#Organization_Organization-Example">See above (Organization/Organization-Example)</a></p><p><b>type</b>: <span title="Codes: ">567</span></p><p><b>location</b>: <a href="#Location_Location-Example">See above (Location/Location-Example)</a></p></div>
        </text>
        <providedBy>
          <reference value="Organization/Organization-Example"/>
        </providedBy>
        <type>
          <coding>
            <code value="567"/>
          </coding>
        </type>
        <location>
          <reference value="Location/Location-Example"/>
        </location>
      </HealthcareService>
    </resource>
    <request>
      <method value="PUT"/>
      <url value="HealthcareService"/>
    </request>
  </entry>
  <entry>
    <fullUrl value="http://www.example.org/fhir/PractitionerRole/PractitionerRole-Example"/>
    <resource>
      <PractitionerRole>
        <id value="PractitionerRole-Example"/>
        <text>
          <status value="generated"/><div xmlns="http://www.w3.org/1999/xhtml"><p><b>Generated Narrative</b></p><p><b>practitioner</b>: <a href="#Practitioner_Practitioner-Example">See above (Practitioner/Practitioner-Example)</a></p><p><b>organization</b>: <a href="#Organization_Organization-Example">See above (Organization/Organization-Example)</a></p><p><b>location</b>: <a href="#Location_Location-Example">See above (Location/Location-Example)</a></p></div>
        </text>
        <practitioner>
          <reference value="Practitioner/Practitioner-Example"/>
        </practitioner>
        <organization>
          <reference value="Organization/Organization-Example"/>
        </organization>
        <location>
          <reference value="Location/Location-Example"/>
        </location>
      </PractitionerRole>
    </resource>
    <request>
      <method value="PUT"/>
      <url value="PractitionerRole"/>
    </request>
  </entry>
  <entry>
    <fullUrl value="http://www.example.org/fhir/Practitioner/Practitioner-Example"/>
    <resource>
      <Practitioner>
        <id value="Practitioner-Example"/>
        <text>
          <status value="generated"/><div xmlns="http://www.w3.org/1999/xhtml"><p><b>Generated Narrative</b></p><p><b>name</b>: Hello, World!</p><p><b>gender</b>: other</p></div>
        </text>
        <name>
          <text value="Hello, World!"/>
        </name>
        <gender value="other"/>
      </Practitioner>
    </resource>
    <request>
      <method value="PUT"/>
      <url value="Practitioner"/>
    </request>
  </entry>
</Bundle>