{
  "resourceType": "Location",
  "id": "MCSDJurisdictionLocation-Example",
  "meta": {
    "profile": [
      "https://profiles.ihe.net/ITI/mCSD/StructureDefinition/IHE.mCSD.JurisdictionLocation"
    ]
  },
  "text": {
    "status": "generated",
    "div": "<div xmlns=\"http://www.w3.org/1999/xhtml\"><p><b>Generated Narrative</b></p><p><b>status</b>: active</p><p><b>name</b>: MCSDJurisdictionLocation-Example</p><p><b>type</b>: <span title=\"Codes: {urn:ietf:rfc:3986 govt}\">govt</span>, <span title=\"Codes: {https://github.com/ihe/ITI.mCSD Jurisdiction}\">Jurisdiction</span></p><p><b>physicalType</b>: <span title=\"Codes: \">PC</span></p><p><b>managingOrganization</b>: <a href=\"Organization-MCSDJurisdictionOrganization-Example.html\">Generated Summary: active; <span title=\"Codes: {urn:ietf:rfc:3986 govt}\">govt</span>, <span title=\"Codes: {https://github.com/ihe/ITI.mCSD Jurisdiction}\">Jurisdiction</span>; name: MCSDJurisdictionOrganization-Example</a></p></div>"
  },
  "status": "active",
  "name": "MCSDJurisdictionLocation-Example",
  "type": [
    {
      "coding": [
        {
          "system": "urn:ietf:rfc:3986",
          "code": "govt"
        }
      ]
    },
    {
      "coding": [
        {
          "system": "https://github.com/ihe/ITI.mCSD",
          "code": "Jurisdiction"
        }
      ]
    }
  ],
  "physicalType": {
    "coding": [
      {
        "code": "PC"
      }
    ]
  },
  "managingOrganization": {
    "reference": "Organization/MCSDJurisdictionOrganization-Example"
  }
}