{
  "resourceType": "Organization",
  "id": "MCSDOrganization-ExamplePartner",
  "meta": {
    "profile": [
      "https://profiles.ihe.net/ITI/mCSD/StructureDefinition/IHE.mCSD.Organization"
    ]
  },
  "text": {
    "status": "generated",
    "div": "<div xmlns=\"http://www.w3.org/1999/xhtml\"><p><b>Generated Narrative</b></p><p><b>active</b>: true</p><p><b>type</b>: <span title=\"Codes: \">govt</span></p><p><b>name</b>: Organization-ExamplePartner</p></div>"
  },
  "active": true,
  "type": [
    {
      "coding": [
        {
          "code": "govt"
        }
      ]
    }
  ],
  "name": "Organization-ExamplePartner"
}