{
  "resourceType": "HealthcareService",
  "id": "MCSDHealthcareService-Example",
  "meta": {
    "profile": [
      "https://profiles.ihe.net/ITI/mCSD/StructureDefinition/IHE.mCSD.HealthcareService"
    ]
  },
  "text": {
    "status": "generated",
    "div": "<div xmlns=\"http://www.w3.org/1999/xhtml\"><p><b>Generated Narrative</b></p><p><b>type</b>: <span title=\"Codes: \">General Practice</span></p><p><b>location</b>: <a href=\"Location-MCSDFacilityLocation-Example.html\">Generated Summary: status: active; name: MCSDFacilityLocation-Example; <span title=\"Codes: {urn:ietf:rfc:3986 HOSP}\">HOSP</span>, <span title=\"Codes: {https://github.com/ihe/ITI.mCSD Facility}\">Facility</span>; <span title=\"Codes: \">PC</span></a></p><p><b>name</b>: ANC</p></div>"
  },
  "type": [
    {
      "coding": [
        {
          "code": "124",
          "display": "General Practice"
        }
      ]
    }
  ],
  "location": [
    {
      "reference": "Location/MCSDFacilityLocation-Example"
    }
  ],
  "name": "ANC"
}