{
  "resourceType": "PractitionerRole",
  "id": "PractitionerRole-Example",
  "text": {
    "status": "generated",
    "div": "<div xmlns=\"http://www.w3.org/1999/xhtml\"><p><b>Generated Narrative</b></p><p><b>practitioner</b>: <a href=\"Practitioner-Practitioner-Example.html\">Generated Summary: Hello, World!; gender: other</a></p><p><b>organization</b>: <a href=\"Organization-Organization-Example.html\">Generated Summary: active; name: Organization-Example</a></p><p><b>location</b>: <a href=\"Location-Location-Example.html\">Generated Summary: status: active; name: Location-Example</a></p></div>"
  },
  "practitioner": {
    "reference": "Practitioner/Practitioner-Example"
  },
  "organization": {
    "reference": "Organization/Organization-Example"
  },
  "location": [
    {
      "reference": "Location/Location-Example"
    }
  ]
}