{
  "resourceType": "CapabilityStatement",
  "id": "IHE.mCSD.CareServicesUpdateSupplier",
  "text": {
    "status": "generated",
    "div": "<div xmlns=\"http://www.w3.org/1999/xhtml\">\n      <p> The Server supports the following transactions : history-type</p>\n         \n    </div>"
  },
  "url": "http://profiles.ihe.net/ITI/mCSD/CapabilityStatement/IHE.mCSD.CareServicesUpdateSupplier",
  "version": "0.2.0",
  "name": "IHE mCSD - Care Services Update Supplier",
  "title": "IHE ITI Mobile Care Services Discovery (mCSD) - Care Services Update Supplier",
  "status": "draft",
  "experimental": true,
  "date": "2021-04-27",
  "publisher": "IHE International - ITI domain Group",
  "contact": [
    {
      "name": "IHE",
      "telecom": [
        {
          "system": "url",
          "value": "http://ihe.net"
        }
      ]
    }
  ],
  "description": "CapabilityStatement for Care Services Update Supplier Actor in the IHE IT Infrastructure Technical Framework Supplement IHE mCSD. See http://wiki.ihe.net/index.php/Mobile_Care_Services_Discovery_(mCSD).  The IHE Profile text is Normative, this conformance resource is Informative.",
  "jurisdiction": [
    {
      "coding": [
        {
          "system": "http://unstats.un.org/unsd/methods/m49/m49.htm",
          "code": "001"
        }
      ]
    }
  ],
  "copyright": "IHE http://www.ihe.net/Governance/#Intellectual_Property",
  "kind": "requirements",
  "fhirVersion": "4.0.0",
  "format": [
    "application/fhir+xml",
    "application/fhir+json"
  ],
  "rest": [
    {
      "mode": "server",
      "documentation": "IHE ITI mCSD ITI-91 endpoint",
      "resource": [
        {
          "type": "Organization",
          "documentation": ".",
          "interaction": [
            {
              "code": "history-type"
            }
          ],
          "searchParam": [
            {
              "name": "_since",
              "type": "date"
            }
          ]
        },
        {
          "type": "Location",
          "documentation": ".",
          "interaction": [
            {
              "code": "history-type"
            }
          ],
          "searchParam": [
            {
              "name": "_since",
              "type": "date"
            }
          ]
        },
        {
          "type": "Practitioner",
          "documentation": ".",
          "interaction": [
            {
              "code": "history-type"
            }
          ],
          "searchParam": [
            {
              "name": "_since",
              "type": "date"
            }
          ]
        },
        {
          "type": "PractitionerRole",
          "documentation": ".",
          "interaction": [
            {
              "code": "history-type"
            }
          ],
          "searchParam": [
            {
              "name": "_since",
              "type": "date"
            }
          ]
        },
        {
          "type": "HealthcareService",
          "documentation": ".",
          "interaction": [
            {
              "code": "history-type"
            }
          ],
          "searchParam": [
            {
              "name": "_since",
              "type": "date"
            }
          ]
        }
      ]
    }
  ]
}