{
  "resourceType": "CapabilityStatement",
  "id": "IHE.mCSD.CareServicesSelectiveSupplier",
  "text": {
    "status": "generated",
    "div": "<div xmlns=\"http://www.w3.org/1999/xhtml\">\n      <p> The Server supports the following transactions : search-type</p>\n         \n    </div>"
  },
  "url": "http://profiles.ihe.net/ITI/mCSD/CapabilityStatement/IHE.mCSD.CareServicesSelectiveSupplier",
  "version": "0.2.0",
  "name": "IHE mCSD - Care Services Selective Supplier",
  "title": "IHE ITI Mobile Care Services Discovery (mCSD) - Care Services Selective Supplier",
  "status": "draft",
  "experimental": true,
  "date": "2021-04-27",
  "publisher": "IHE International - ITI domain Group",
  "contact": [
    {
      "name": "IHE",
      "telecom": [
        {
          "system": "url",
          "value": "http://ihe.net"
        }
      ]
    }
  ],
  "description": "CapabilityStatement for Care Services Selective Supplier Actor in the IHE IT Infrastructure Technical Framework Supplement IHE mCSD. See http://wiki.ihe.net/index.php/Mobile_Care_Services_Discovery_(mCSD).  The IHE Profile text is Normative, this conformance resource is Informative.",
  "jurisdiction": [
    {
      "coding": [
        {
          "system": "http://unstats.un.org/unsd/methods/m49/m49.htm",
          "code": "001"
        }
      ]
    }
  ],
  "copyright": "IHE http://www.ihe.net/Governance/#Intellectual_Property",
  "kind": "requirements",
  "fhirVersion": "4.0.0",
  "format": [
    "application/fhir+xml",
    "application/fhir+json"
  ],
  "rest": [
    {
      "mode": "server",
      "documentation": "IHE ITI mCSD ITI-90 endpoint",
      "resource": [
        {
          "type": "HealthcareService",
          "documentation": ".",
          "interaction": [
            {
              "code": "search-type"
            }
          ],
          "searchParam": [
            {
              "name": "active",
              "type": "token"
            },
            {
              "name": "identifier",
              "type": "token"
            },
            {
              "name": "location",
              "type": "reference"
            },
            {
              "name": "name",
              "type": "string"
            },
            {
              "name": "name:contains",
              "type": "string"
            },
            {
              "name": "name:exact",
              "type": "string"
            },
            {
              "name": "organization",
              "type": "reference"
            },
            {
              "name": "type",
              "type": "token"
            },
            {
              "name": "organization.active",
              "type": "token"
            },
            {
              "name": "organization.identifier",
              "type": "token"
            },
            {
              "name": "organization.name",
              "type": "string"
            },
            {
              "name": "organization.name:contains",
              "type": "string"
            },
            {
              "name": "organization.name:exact",
              "type": "string"
            },
            {
              "name": "location.status",
              "type": "token"
            },
            {
              "name": "location.identifier",
              "type": "token"
            },
            {
              "name": "location.name",
              "type": "string"
            },
            {
              "name": "location.name:contains",
              "type": "string"
            },
            {
              "name": "location.name:exact",
              "type": "string"
            }
          ]
        },
        {
          "type": "Location",
          "supportedProfile": [
            "http://profiles.ihe.net/ITI/mCSD/StructureDefinition/IHE.mCSD.Location",
            "http://profiles.ihe.net/ITI/mCSD/StructureDefinition/IHE.mCSD.FacilityLocation",
            "http://profiles.ihe.net/ITI/mCSD/StructureDefinition/IHE.mCSD.JurisdictionLocation"
          ],
          "documentation": ".",
          "interaction": [
            {
              "code": "search-type"
            }
          ],
          "searchParam": [
            {
              "name": "identifier",
              "type": "token"
            },
            {
              "name": "name",
              "type": "string"
            },
            {
              "name": "name:contains",
              "type": "string"
            },
            {
              "name": "name:exact",
              "type": "string"
            },
            {
              "name": "organization",
              "type": "reference"
            },
            {
              "name": "partof",
              "type": "reference"
            },
            {
              "name": "type",
              "type": "token"
            },
            {
              "name": "status",
              "type": "token"
            },
            {
              "name": "partof.identifier",
              "type": "token"
            },
            {
              "name": "partof.name",
              "type": "string"
            },
            {
              "name": "partof.name:contains",
              "type": "string"
            },
            {
              "name": "partof.name:exact",
              "type": "string"
            },
            {
              "name": "organization.active",
              "type": "token"
            },
            {
              "name": "organization.identifier",
              "type": "token"
            },
            {
              "name": "organization.name",
              "type": "string"
            },
            {
              "name": "organization.name:contains",
              "type": "string"
            },
            {
              "name": "organization.name:exact",
              "type": "string"
            }
          ]
        },
        {
          "type": "Organization",
          "supportedProfile": [
            "http://profiles.ihe.net/ITI/mCSD/StructureDefinition/IHE.mCSD.Organization",
            "http://profiles.ihe.net/ITI/mCSD/StructureDefinition/IHE.mCSD.FacilityOrganization",
            "http://profiles.ihe.net/ITI/mCSD/StructureDefinition/IHE.mCSD.JurisdictionOrganization"
          ],
          "documentation": ".",
          "interaction": [
            {
              "code": "search-type"
            }
          ],
          "searchParam": [
            {
              "name": "active",
              "type": "token"
            },
            {
              "name": "identifier",
              "type": "token"
            },
            {
              "name": "name",
              "type": "string"
            },
            {
              "name": "name:contains",
              "type": "string"
            },
            {
              "name": "name:exact",
              "type": "string"
            },
            {
              "name": "partof",
              "type": "reference"
            },
            {
              "name": "type",
              "type": "token"
            },
            {
              "name": "partof.identifier",
              "type": "token"
            },
            {
              "name": "partof.name",
              "type": "string"
            },
            {
              "name": "partof.name:contains",
              "type": "string"
            },
            {
              "name": "partof.name:exact",
              "type": "string"
            },
            {
              "name": "ihe-mcsd-hierarchy-type",
              "definition": "http://profiles.ihe.net/ITI/mCSD/SearchParameter/IHE.mCSD.Organization.HierarchyType",
              "type": "token"
            },
            {
              "name": "ihe-mcsd-hierarchy-partof",
              "definition": "http://profiles.ihe.net/ITI/mCSD/SearchParameter/IHE.mCSD.Organization.HierarchyPartOf",
              "type": "reference"
            },
            {
              "name": "ihe-mcsd-hierarchy-partof:below",
              "definition": "http://profiles.ihe.net/ITI/mCSD/SearchParameter/IHE.mCSD.Organization.HierarchyPartOf",
              "type": "reference"
            },
            {
              "name": "ihe-mcsd-hierarchy-partof:above",
              "definition": "http://profiles.ihe.net/ITI/mCSD/SearchParameter/IHE.mCSD.Organization.HierarchyPartOf",
              "type": "reference"
            }
          ]
        },
        {
          "type": "Practitioner",
          "supportedProfile": [
            "http://profiles.ihe.net/ITI/mCSD/StructureDefinition/IHE.mCSD.Practitioner"
          ],
          "documentation": ".",
          "interaction": [
            {
              "code": "search-type"
            }
          ],
          "searchParam": [
            {
              "name": "active",
              "type": "token"
            },
            {
              "name": "identifier",
              "type": "token"
            },
            {
              "name": "name",
              "type": "string"
            },
            {
              "name": "name:contains",
              "type": "string"
            },
            {
              "name": "name:exact",
              "type": "string"
            },
            {
              "name": "given",
              "type": "string"
            },
            {
              "name": "given:contains",
              "type": "string"
            },
            {
              "name": "given:exact",
              "type": "string"
            },
            {
              "name": "family",
              "type": "string"
            },
            {
              "name": "family:contains",
              "type": "string"
            },
            {
              "name": "family:exact",
              "type": "string"
            }
          ]
        },
        {
          "type": "PractitionerRole",
          "supportedProfile": [
            "http://profiles.ihe.net/ITI/mCSD/StructureDefinition/IHE.mCSD.PractitionerRole"
          ],
          "documentation": ".",
          "interaction": [
            {
              "code": "search-type"
            }
          ],
          "searchInclude": [
            "Practitioner"
          ],
          "searchParam": [
            {
              "name": "active",
              "type": "token"
            },
            {
              "name": "location",
              "type": "reference"
            },
            {
              "name": "organization",
              "type": "reference"
            },
            {
              "name": "organization",
              "type": "reference"
            },
            {
              "name": "role",
              "type": "token"
            },
            {
              "name": "service",
              "type": "reference"
            },
            {
              "name": "specialty",
              "type": "token"
            },
            {
              "name": "practitioner.identifier",
              "type": "token"
            },
            {
              "name": "practitioner.name",
              "type": "string"
            },
            {
              "name": "practitioner.name:contains",
              "type": "string"
            },
            {
              "name": "practitioner.name:exact",
              "type": "string"
            },
            {
              "name": "practitioner.given",
              "type": "string"
            },
            {
              "name": "practitioner.given:contains",
              "type": "string"
            },
            {
              "name": "practitioner.given:exact",
              "type": "string"
            },
            {
              "name": "practitioner.family",
              "type": "string"
            },
            {
              "name": "practitioner.family:contains",
              "type": "string"
            },
            {
              "name": "practitioner.family:exact",
              "type": "string"
            },
            {
              "name": "organization.active",
              "type": "token"
            },
            {
              "name": "organization.identifier",
              "type": "token"
            },
            {
              "name": "organization.name",
              "type": "string"
            },
            {
              "name": "organization.name:contains",
              "type": "string"
            },
            {
              "name": "organization.name:exact",
              "type": "string"
            },
            {
              "name": "location.status",
              "type": "token"
            },
            {
              "name": "location.identifier",
              "type": "token"
            },
            {
              "name": "location.name",
              "type": "string"
            },
            {
              "name": "location.name:contains",
              "type": "string"
            },
            {
              "name": "location.name:exact",
              "type": "string"
            },
            {
              "name": "service.active",
              "type": "token"
            },
            {
              "name": "service.identifier",
              "type": "token"
            },
            {
              "name": "service.location",
              "type": "reference"
            },
            {
              "name": "service.name",
              "type": "string"
            },
            {
              "name": "service.name:contains",
              "type": "string"
            },
            {
              "name": "service.name:exact",
              "type": "string"
            },
            {
              "name": "service.organization",
              "type": "reference"
            }
          ]
        }
      ],
      "searchParam": [
        {
          "name": "_id",
          "type": "token"
        },
        {
          "name": "_lastUpdated",
          "type": "token",
          "documentation": "The values for this shall support these prefixes: gt, lt, ge, le, sa, and eb"
        }
      ]
    }
  ]
}