{"resourceType":"SearchParameter","id":"IHE.mCSD.Organization.HierarchyPartOf","url":"http://profiles.ihe.net/ITI/mCSD/SearchParameter/IHE.mCSD.Organization.HierarchyPartOf","version":"0.2.0","name":"ihe-mcsd-hierarchy-partof","status":"active","date":"2021-05-27T20:51:30+00:00","publisher":"IHE International - ITI domain Group","contact":[{"name":"IHE","telecom":[{"system":"url","value":"http://ihe.net"}]}],"description":"This Search Parameter enables finding Organizations by the hierarchy part of.","jurisdiction":[{"coding":[{"system":"http://unstats.un.org/unsd/methods/m49/m49.htm","code":"001"}]}],"code":"ihe-mcsd-hierarchy-partof","base":["Organization"],"type":"reference","expression":"(extension('http://profiles.ihe.net/ITI/mCSD/StructureDefinition/IHE.mCSD.OrganizationHierarchy').extension('part-of).value as Reference)","modifier":["below","above"]}