{"resourceType":"ImplementationGuide","id":"ihe.mcsd.fhir","text":{"status":"extensions","div":"<div xmlns=\"http://www.w3.org/1999/xhtml\"><h2>IHE.mCSD</h2><p>The official URL for this implementation guide is: </p><pre>http://profiles.ihe.net/ITI/mCSD/ImplementationGuide/ihe.mcsd.fhir</pre><div><p>Implementation Guide for the IHE Mobile Care Services Discovery (mCSD) Supplement.</p>\n</div></div>"},"url":"http://profiles.ihe.net/ITI/mCSD/ImplementationGuide/ihe.mcsd.fhir","version":"0.2.0","name":"IHE.mCSD","title":"Mobile Care Services Discovery","status":"draft","experimental":false,"date":"2021-04-16","publisher":"IHE International - ITI domain Group","contact":[{"name":"IHE","telecom":[{"system":"url","value":"http://ihe.net"}]}],"description":"Implementation Guide for the IHE Mobile Care Services Discovery (mCSD) Supplement.","jurisdiction":[{"coding":[{"system":"http://unstats.un.org/unsd/methods/m49/m49.htm","code":"001"}]}],"packageId":"ihe.mcsd.fhir","license":"CC0-1.0","fhirVersion":["4.0.1"],"definition":{"extension":[{"extension":[{"url":"code","valueString":"releaselabel"},{"url":"value","valueString":"CI Build"}],"url":"http://hl7.org/fhir/tools/StructureDefinition/ig-parameter"},{"extension":[{"url":"code","valueString":"copyrightyear"},{"url":"value","valueString":"2019+"}],"url":"http://hl7.org/fhir/tools/StructureDefinition/ig-parameter"},{"extension":[{"url":"code","valueString":"autoload-resources"},{"url":"value","valueString":"true"}],"url":"http://hl7.org/fhir/tools/StructureDefinition/ig-parameter"},{"extension":[{"url":"code","valueString":"path-liquid"},{"url":"value","valueString":"template/liquid"}],"url":"http://hl7.org/fhir/tools/StructureDefinition/ig-parameter"},{"extension":[{"url":"code","valueString":"path-liquid"},{"url":"value","valueString":"input/liquid"}],"url":"http://hl7.org/fhir/tools/StructureDefinition/ig-parameter"},{"extension":[{"url":"code","valueString":"path-qa"},{"url":"value","valueString":"temp/qa"}],"url":"http://hl7.org/fhir/tools/StructureDefinition/ig-parameter"},{"extension":[{"url":"code","valueString":"path-temp"},{"url":"value","valueString":"temp/pages"}],"url":"http://hl7.org/fhir/tools/StructureDefinition/ig-parameter"},{"extension":[{"url":"code","valueString":"path-output"},{"url":"value","valueString":"output"}],"url":"http://hl7.org/fhir/tools/StructureDefinition/ig-parameter"},{"extension":[{"url":"code","valueString":"path-suppressed-warnings"},{"url":"value","valueString":"input/ignoreWarnings.txt"}],"url":"http://hl7.org/fhir/tools/StructureDefinition/ig-parameter"},{"extension":[{"url":"code","valueString":"path-history"},{"url":"value","valueString":"http://profiles.ihe.net/ITI/mCSD/history.html"}],"url":"http://hl7.org/fhir/tools/StructureDefinition/ig-parameter"},{"extension":[{"url":"code","valueString":"template-html"},{"url":"value","valueString":"template-page.html"}],"url":"http://hl7.org/fhir/tools/StructureDefinition/ig-parameter"},{"extension":[{"url":"code","valueString":"template-md"},{"url":"value","valueString":"template-page-md.html"}],"url":"http://hl7.org/fhir/tools/StructureDefinition/ig-parameter"},{"extension":[{"url":"code","valueString":"apply-contact"},{"url":"value","valueString":"true"}],"url":"http://hl7.org/fhir/tools/StructureDefinition/ig-parameter"},{"extension":[{"url":"code","valueString":"apply-context"},{"url":"value","valueString":"true"}],"url":"http://hl7.org/fhir/tools/StructureDefinition/ig-parameter"},{"extension":[{"url":"code","valueString":"apply-copyright"},{"url":"value","valueString":"true"}],"url":"http://hl7.org/fhir/tools/StructureDefinition/ig-parameter"},{"extension":[{"url":"code","valueString":"apply-jurisdiction"},{"url":"value","valueString":"true"}],"url":"http://hl7.org/fhir/tools/StructureDefinition/ig-parameter"},{"extension":[{"url":"code","valueString":"apply-license"},{"url":"value","valueString":"true"}],"url":"http://hl7.org/fhir/tools/StructureDefinition/ig-parameter"},{"extension":[{"url":"code","valueString":"apply-publisher"},{"url":"value","valueString":"true"}],"url":"http://hl7.org/fhir/tools/StructureDefinition/ig-parameter"},{"extension":[{"url":"code","valueString":"apply-version"},{"url":"value","valueString":"true"}],"url":"http://hl7.org/fhir/tools/StructureDefinition/ig-parameter"},{"extension":[{"url":"code","valueString":"active-tables"},{"url":"value","valueString":"true"}],"url":"http://hl7.org/fhir/tools/StructureDefinition/ig-parameter"}],"grouping":[{"id":"-dyn-capabilitystatement","name":"Behavior: Capability Statements","description":"The following artifacts define the specific capabilities that different types of systems are expected to have in order to comply with this implementation guide.  Systems conforming to this implementation guide are expected to declare conformance to one or more of the following capability statements."},{"id":"-dyn-searchparameter","name":"Behavior: Search Parameters","description":"These define the properties by which a RESTful server can be searched.  They can also be used for sorting and including related resources."},{"id":"-str-profile","name":"Structures: Resource Profiles","description":"These define constraints on FHIR resources for systems conforming to this implementation guide"},{"id":"-str-extension","name":"Structures: Extension Definitions","description":"These define constraints on FHIR data types for systems conforming to this implementation guide"},{"id":"-other","name":"Other","description":"These are resources that are used within this implementation guide that do not fit into one of the other categories"}],"resource":[{"extension":[{"url":"http://hl7.org/fhir/StructureDefinition/implementationguide-page","valueUri":"CapabilityStatement-IHE.mCSD.CareServicesSelectiveSupplier.LocationDistance.html"}],"reference":{"reference":"CapabilityStatement/IHE.mCSD.CareServicesSelectiveSupplier.LocationDistance"},"name":"IHE ITI Mobile Care Services Discovery (mCSD) - Care Services Selective Supplier Location Distance Option","description":"CapabilityStatement for Care Services Selective Supplier Actor with the Location Distance option in the IHE IT Infrastructure Technical Framework Supplement IHE mCSD. See http://wiki.ihe.net/index.php/Mobile_Care_Services_Discovery_(mCSD).  The IHE Profile text is Normative, this conformance resource is Informative.","groupingId":"-dyn-capabilitystatement"},{"extension":[{"url":"http://hl7.org/fhir/StructureDefinition/implementationguide-page","valueUri":"CapabilityStatement-IHE.mCSD.CareServicesSelectiveSupplier.html"}],"reference":{"reference":"CapabilityStatement/IHE.mCSD.CareServicesSelectiveSupplier"},"name":"IHE ITI Mobile Care Services Discovery (mCSD) - Care Services Selective Supplier","description":"CapabilityStatement for Care Services Selective Supplier Actor in the IHE IT Infrastructure Technical Framework Supplement IHE mCSD. See http://wiki.ihe.net/index.php/Mobile_Care_Services_Discovery_(mCSD).  The IHE Profile text is Normative, this conformance resource is Informative.","groupingId":"-dyn-capabilitystatement"},{"extension":[{"url":"http://hl7.org/fhir/StructureDefinition/implementationguide-page","valueUri":"CapabilityStatement-IHE.mCSD.CareServicesSelectiveConsumer.LocationDistance.html"}],"reference":{"reference":"CapabilityStatement/IHE.mCSD.CareServicesSelectiveConsumer.LocationDistance"},"name":"IHE ITI Mobile Care Services Discovery (mCSD) - Care Services Selective Consumer Location Distance Option","description":"CapabilityStatement for Care Services Selective Consumer Actor with the Location Distance Option in the IHE IT Infrastructure Technical Framework Supplement IHE mCSD. See http://wiki.ihe.net/index.php/Mobile_Care_Services_Discovery_(mCSD).  The IHE Profile text is Normative, this conformance resource is Informative.","groupingId":"-dyn-capabilitystatement"},{"extension":[{"url":"http://hl7.org/fhir/StructureDefinition/implementationguide-page","valueUri":"CapabilityStatement-IHE.mCSD.CareServicesUpdateSupplier.LocationDistance.html"}],"reference":{"reference":"CapabilityStatement/IHE.mCSD.CareServicesUpdateSupplier.LocationDistance"},"name":"IHE ITI Mobile Care Services Discovery (mCSD) - Care Services Update Supplier Location Distance Option","description":"CapabilityStatement for Care Services Update Supplier Actor with the Location Distance option in the IHE IT Infrastructure Technical Framework Supplement IHE mCSD. See http://wiki.ihe.net/index.php/Mobile_Care_Services_Discovery_(mCSD).  The IHE Profile text is Normative, this conformance resource is Informative.","groupingId":"-dyn-capabilitystatement"},{"extension":[{"url":"http://hl7.org/fhir/StructureDefinition/implementationguide-page","valueUri":"CapabilityStatement-IHE.mCSD.CareServicesUpdateConsumer.html"}],"reference":{"reference":"CapabilityStatement/IHE.mCSD.CareServicesUpdateConsumer"},"name":"IHE ITI Mobile Care Services Discovery (mCSD) - Care Services Update Consumer","description":"CapabilityStatement for Care Services Update Consumer Actor in the IHE IT Infrastructure Technical Framework Supplement IHE mCSD. See http://wiki.ihe.net/index.php/Mobile_Care_Services_Discovery_(mCSD).  The IHE Profile text is Normative, this conformance resource is Informative.","groupingId":"-dyn-capabilitystatement"},{"extension":[{"url":"http://hl7.org/fhir/StructureDefinition/implementationguide-page","valueUri":"CapabilityStatement-IHE.mCSD.CareServicesUpdateSupplier.html"}],"reference":{"reference":"CapabilityStatement/IHE.mCSD.CareServicesUpdateSupplier"},"name":"IHE ITI Mobile Care Services Discovery (mCSD) - Care Services Update Supplier","description":"CapabilityStatement for Care Services Update Supplier Actor in the IHE IT Infrastructure Technical Framework Supplement IHE mCSD. See http://wiki.ihe.net/index.php/Mobile_Care_Services_Discovery_(mCSD).  The IHE Profile text is Normative, this conformance resource is Informative.","groupingId":"-dyn-capabilitystatement"},{"extension":[{"url":"http://hl7.org/fhir/StructureDefinition/implementationguide-page","valueUri":"CapabilityStatement-IHE.mCSD.CareServicesUpdateConsumer.LocationDistance.html"}],"reference":{"reference":"CapabilityStatement/IHE.mCSD.CareServicesUpdateConsumer.LocationDistance"},"name":"IHE ITI Mobile Care Services Discovery (mCSD) - Care Services Update Consumer Location Distance Option","description":"CapabilityStatement for Care Services Update Consumer Actor with the Location Distance option in the IHE IT Infrastructure Technical Framework Supplement IHE mCSD. See http://wiki.ihe.net/index.php/Mobile_Care_Services_Discovery_(mCSD).  The IHE Profile text is Normative, this conformance resource is Informative.","groupingId":"-dyn-capabilitystatement"},{"extension":[{"url":"http://hl7.org/fhir/StructureDefinition/implementationguide-page","valueUri":"CapabilityStatement-IHE.mCSD.CareServicesSelectiveConsumer.html"}],"reference":{"reference":"CapabilityStatement/IHE.mCSD.CareServicesSelectiveConsumer"},"name":"IHE ITI Mobile Care Services Discovery (mCSD) - Care Services Selective Consumer","description":"CapabilityStatement for Care Services Selective Consumer Actor in the IHE IT Infrastructure Technical Framework Supplement IHE mCSD. See http://wiki.ihe.net/index.php/Mobile_Care_Services_Discovery_(mCSD).  The IHE Profile text is Normative, this conformance resource is Informative.","groupingId":"-dyn-capabilitystatement"},{"extension":[{"url":"http://hl7.org/fhir/StructureDefinition/implementationguide-page","valueUri":"Practitioner-Practitioner-Example.html"}],"reference":{"reference":"Practitioner/Practitioner-Example"},"groupingId":"-other"},{"extension":[{"url":"http://hl7.org/fhir/StructureDefinition/implementationguide-page","valueUri":"StructureDefinition-IHE.mCSD.FacilityOrganization.html"}],"reference":{"reference":"StructureDefinition/IHE.mCSD.FacilityOrganization"},"name":"mCSD Organization for Facilities","description":"A profile on the mCSD Organization profile for mCSD Facilities.","groupingId":"-str-profile"},{"extension":[{"url":"http://hl7.org/fhir/StructureDefinition/implementationguide-page","valueUri":"PractitionerRole-PractitionerRole-Example.html"}],"reference":{"reference":"PractitionerRole/PractitionerRole-Example"},"groupingId":"-other"},{"extension":[{"url":"http://hl7.org/fhir/StructureDefinition/implementationguide-page","valueUri":"StructureDefinition-IHE.mCSD.JurisdictionLocation.html"}],"reference":{"reference":"StructureDefinition/IHE.mCSD.JurisdictionLocation"},"name":"mCSD Location for Jurisdictions","description":"A profile on the mCSD Location for mCSD Jurisdictions","groupingId":"-str-profile"},{"extension":[{"url":"http://hl7.org/fhir/StructureDefinition/implementationguide-page","valueUri":"StructureDefinition-IHE.mCSD.LocationDistance.html"}],"reference":{"reference":"StructureDefinition/IHE.mCSD.LocationDistance"},"name":"mCSD Location with Distance","description":"A profile on the mCSD Location resource for distance searches.","groupingId":"-str-profile"},{"extension":[{"url":"http://hl7.org/fhir/StructureDefinition/implementationguide-page","valueUri":"SearchParameter-IHE.mCSD.Organization.HierarchyType.html"}],"reference":{"reference":"SearchParameter/IHE.mCSD.Organization.HierarchyType"},"description":"This Search Parameter enables finding Organizations by the hierarchy type.","groupingId":"-dyn-searchparameter"},{"extension":[{"url":"http://hl7.org/fhir/StructureDefinition/implementationguide-page","valueUri":"Location-Location-Example.html"}],"reference":{"reference":"Location/Location-Example"},"groupingId":"-other"},{"extension":[{"url":"http://hl7.org/fhir/StructureDefinition/implementationguide-page","valueUri":"HealthcareService-HealthcareService-Example.html"}],"reference":{"reference":"HealthcareService/HealthcareService-Example"},"groupingId":"-other"},{"extension":[{"url":"http://hl7.org/fhir/StructureDefinition/implementationguide-page","valueUri":"StructureDefinition-IHE.mCSD.FacilityLocation.html"}],"reference":{"reference":"StructureDefinition/IHE.mCSD.FacilityLocation"},"name":"mCSD Location for Facilities","description":"A profile on the mCSD Location profile for mCSD Facilities.","groupingId":"-str-profile"},{"extension":[{"url":"http://hl7.org/fhir/StructureDefinition/implementationguide-page","valueUri":"Location-MCSDJurisdictionLocation-Example.html"}],"reference":{"reference":"Location/MCSDJurisdictionLocation-Example"},"groupingId":"-other"},{"extension":[{"url":"http://hl7.org/fhir/StructureDefinition/implementationguide-page","valueUri":"Organization-MCSDOrganization-ExamplePartner.html"}],"reference":{"reference":"Organization/MCSDOrganization-ExamplePartner"},"groupingId":"-other"},{"extension":[{"url":"http://hl7.org/fhir/StructureDefinition/implementationguide-page","valueUri":"StructureDefinition-IHE.mCSD.Location.html"}],"reference":{"reference":"StructureDefinition/IHE.mCSD.Location"},"name":"mCSD Location","description":"A profile on the Location resource for mCSD.","groupingId":"-str-profile"},{"extension":[{"url":"http://hl7.org/fhir/StructureDefinition/implementationguide-page","valueUri":"StructureDefinition-IHE.mCSD.Organization.html"}],"reference":{"reference":"StructureDefinition/IHE.mCSD.Organization"},"name":"mCSD Organization","description":"A profile on the Organization resource for mCSD.","groupingId":"-str-profile"},{"extension":[{"url":"http://hl7.org/fhir/StructureDefinition/implementationguide-page","valueUri":"StructureDefinition-IHE.mCSD.PractitionerRole.html"}],"reference":{"reference":"StructureDefinition/IHE.mCSD.PractitionerRole"},"name":"mCSD PractitionerRole","description":"A profile on the PractitionerRole resource for mCSD.","groupingId":"-str-profile"},{"extension":[{"url":"http://hl7.org/fhir/StructureDefinition/implementationguide-page","valueUri":"StructureDefinition-IHE.mCSD.OrganizationHierarchy.html"}],"reference":{"reference":"StructureDefinition/IHE.mCSD.OrganizationHierarchy"},"name":"mCSD Additional Hierarchies extension for mCSD Organization.","description":"If there are additional hierarchies (such as funding source),then use this extension.","groupingId":"-str-extension"},{"extension":[{"url":"http://hl7.org/fhir/StructureDefinition/implementationguide-page","valueUri":"Organization-Organization-Example.html"}],"reference":{"reference":"Organization/Organization-Example"},"groupingId":"-other"},{"extension":[{"url":"http://hl7.org/fhir/StructureDefinition/implementationguide-page","valueUri":"HealthcareService-MCSDHealthcareService-Example.html"}],"reference":{"reference":"HealthcareService/MCSDHealthcareService-Example"},"groupingId":"-other"},{"extension":[{"url":"http://hl7.org/fhir/StructureDefinition/implementationguide-page","valueUri":"Organization-MCSDJurisdictionOrganization-Example.html"}],"reference":{"reference":"Organization/MCSDJurisdictionOrganization-Example"},"groupingId":"-other"},{"extension":[{"url":"http://hl7.org/fhir/StructureDefinition/implementationguide-page","valueUri":"Bundle-Example-MCSD.html"}],"reference":{"reference":"Bundle/Example-MCSD"},"groupingId":"-other"},{"extension":[{"url":"http://hl7.org/fhir/StructureDefinition/implementationguide-page","valueUri":"PractitionerRole-MCSDPractitionerRole-Example.html"}],"reference":{"reference":"PractitionerRole/MCSDPractitionerRole-Example"},"groupingId":"-other"},{"extension":[{"url":"http://hl7.org/fhir/StructureDefinition/implementationguide-page","valueUri":"StructureDefinition-IHE.mCSD.Practitioner.html"}],"reference":{"reference":"StructureDefinition/IHE.mCSD.Practitioner"},"name":"mCSD Practitioner","description":"A profile on the Practitioner resource for mCSD.","groupingId":"-str-profile"},{"extension":[{"url":"http://hl7.org/fhir/StructureDefinition/implementationguide-page","valueUri":"StructureDefinition-IHE.mCSD.JurisdictionOrganization.html"}],"reference":{"reference":"StructureDefinition/IHE.mCSD.JurisdictionOrganization"},"name":"mCSD Organization for Jurisdictions","description":"A profile on the mCSD Organization for mCSD Jurisdictions","groupingId":"-str-profile"},{"extension":[{"url":"http://hl7.org/fhir/StructureDefinition/implementationguide-page","valueUri":"StructureDefinition-IHE.mCSD.HealthcareService.html"}],"reference":{"reference":"StructureDefinition/IHE.mCSD.HealthcareService"},"name":"mCSD HealthcareService","description":"A profile on the HealthcareService resource for mCSD.","groupingId":"-str-profile"},{"extension":[{"url":"http://hl7.org/fhir/StructureDefinition/implementationguide-page","valueUri":"Organization-MCSDFacilityOrganization-Example.html"}],"reference":{"reference":"Organization/MCSDFacilityOrganization-Example"},"groupingId":"-other"},{"extension":[{"url":"http://hl7.org/fhir/StructureDefinition/implementationguide-page","valueUri":"Practitioner-MCSDPractitioner-Example.html"}],"reference":{"reference":"Practitioner/MCSDPractitioner-Example"},"groupingId":"-other"},{"extension":[{"url":"http://hl7.org/fhir/StructureDefinition/implementationguide-page","valueUri":"SearchParameter-IHE.mCSD.Organization.HierarchyPartOf.html"}],"reference":{"reference":"SearchParameter/IHE.mCSD.Organization.HierarchyPartOf"},"description":"This Search Parameter enables finding Organizations by the hierarchy part of.","groupingId":"-dyn-searchparameter"},{"extension":[{"url":"http://hl7.org/fhir/StructureDefinition/implementationguide-page","valueUri":"Bundle-Example-CoreOnly.html"}],"reference":{"reference":"Bundle/Example-CoreOnly"},"groupingId":"-other"},{"extension":[{"url":"http://hl7.org/fhir/StructureDefinition/implementationguide-page","valueUri":"Location-MCSDFacilityLocation-Example.html"}],"reference":{"reference":"Location/MCSDFacilityLocation-Example"},"groupingId":"-other"}],"page":{"nameUrl":"toc.html","title":"Table of Contents","generation":"html","page":[{"nameUrl":"index.html","title":"mCSD Home Page","generation":"markdown"},{"nameUrl":"146_introduction.html","title":"Mobile Care Services Discovery (mCSD)","generation":"markdown"},{"nameUrl":"1461_actors_and_transactions.html","title":"Actors and Transactions","generation":"markdown"},{"nameUrl":"1462_actors_options.html","title":"Actors Options","generation":"markdown"},{"nameUrl":"1463_required_actor_groupings.html","title":"Required Actor Groupings","generation":"markdown"},{"nameUrl":"1464_overview.html","title":"Overview","generation":"markdown"},{"nameUrl":"1465_security_considerations.html","title":"Security Considerations","generation":"markdown"},{"nameUrl":"1466_cross_profile_considerations.html","title":"Cross Profile Considerations","generation":"markdown"},{"nameUrl":"1467_deployment_considerations.html","title":"Deployment Considerations","generation":"markdown"},{"nameUrl":"a_actor_summary_definitions.html","title":"Appendix A -- Actor Summary Definitions","generation":"markdown"},{"nameUrl":"b_transaction_summary_definitions.html","title":"Appendix B -- Transaction Summary Definitions","generation":"markdown"},{"nameUrl":"a_issues.html","title":"Open and Closed Considerations","generation":"markdown"},{"nameUrl":"ITI-90.html","title":"Find Matching Care Services [ITI 90]","generation":"markdown"},{"nameUrl":"ITI-91.html","title":"Request Care Services Updates [ITI 91]","generation":"markdown"},{"nameUrl":"artifacts.html","title":"Artifacts Summary","generation":"html","page":[{"nameUrl":"CapabilityStatement-IHE.mCSD.CareServicesSelectiveSupplier.LocationDistance.html","title":"IHE ITI Mobile Care Services Discovery (mCSD) - Care Services Selective Supplier Location Distance Option","generation":"generated"},{"nameUrl":"CapabilityStatement-IHE.mCSD.CareServicesSelectiveSupplier.html","title":"IHE ITI Mobile Care Services Discovery (mCSD) - Care Services Selective Supplier","generation":"generated"},{"nameUrl":"CapabilityStatement-IHE.mCSD.CareServicesSelectiveConsumer.LocationDistance.html","title":"IHE ITI Mobile Care Services Discovery (mCSD) - Care Services Selective Consumer Location Distance Option","generation":"generated"},{"nameUrl":"CapabilityStatement-IHE.mCSD.CareServicesUpdateSupplier.LocationDistance.html","title":"IHE ITI Mobile Care Services Discovery (mCSD) - Care Services Update Supplier Location Distance Option","generation":"generated"},{"nameUrl":"CapabilityStatement-IHE.mCSD.CareServicesUpdateConsumer.html","title":"IHE ITI Mobile Care Services Discovery (mCSD) - Care Services Update Consumer","generation":"generated"},{"nameUrl":"CapabilityStatement-IHE.mCSD.CareServicesUpdateSupplier.html","title":"IHE ITI Mobile Care Services Discovery (mCSD) - Care Services Update Supplier","generation":"generated"},{"nameUrl":"CapabilityStatement-IHE.mCSD.CareServicesUpdateConsumer.LocationDistance.html","title":"IHE ITI Mobile Care Services Discovery (mCSD) - Care Services Update Consumer Location Distance Option","generation":"generated"},{"nameUrl":"CapabilityStatement-IHE.mCSD.CareServicesSelectiveConsumer.html","title":"IHE ITI Mobile Care Services Discovery (mCSD) - Care Services Selective Consumer","generation":"generated"},{"nameUrl":"SearchParameter-IHE.mCSD.Organization.HierarchyType.html","generation":"generated"},{"nameUrl":"SearchParameter-IHE.mCSD.Organization.HierarchyPartOf.html","generation":"generated"},{"nameUrl":"StructureDefinition-IHE.mCSD.FacilityOrganization.html","title":"mCSD Organization for Facilities","generation":"generated"},{"nameUrl":"StructureDefinition-IHE.mCSD.JurisdictionLocation.html","title":"mCSD Location for Jurisdictions","generation":"generated"},{"nameUrl":"StructureDefinition-IHE.mCSD.LocationDistance.html","title":"mCSD Location with Distance","generation":"generated"},{"nameUrl":"StructureDefinition-IHE.mCSD.FacilityLocation.html","title":"mCSD Location for Facilities","generation":"generated"},{"nameUrl":"StructureDefinition-IHE.mCSD.Location.html","title":"mCSD Location","generation":"generated"},{"nameUrl":"StructureDefinition-IHE.mCSD.Organization.html","title":"mCSD Organization","generation":"generated"},{"nameUrl":"StructureDefinition-IHE.mCSD.PractitionerRole.html","title":"mCSD PractitionerRole","generation":"generated"},{"nameUrl":"StructureDefinition-IHE.mCSD.Practitioner.html","title":"mCSD Practitioner","generation":"generated"},{"nameUrl":"StructureDefinition-IHE.mCSD.JurisdictionOrganization.html","title":"mCSD Organization for Jurisdictions","generation":"generated"},{"nameUrl":"StructureDefinition-IHE.mCSD.HealthcareService.html","title":"mCSD HealthcareService","generation":"generated"},{"nameUrl":"StructureDefinition-IHE.mCSD.OrganizationHierarchy.html","title":"mCSD Additional Hierarchies extension for mCSD Organization.","generation":"generated"},{"nameUrl":"Practitioner-Practitioner-Example.html","generation":"generated"},{"nameUrl":"PractitionerRole-PractitionerRole-Example.html","generation":"generated"},{"nameUrl":"Location-Location-Example.html","generation":"generated"},{"nameUrl":"HealthcareService-HealthcareService-Example.html","generation":"generated"},{"nameUrl":"Location-MCSDJurisdictionLocation-Example.html","generation":"generated"},{"nameUrl":"Organization-MCSDOrganization-ExamplePartner.html","generation":"generated"},{"nameUrl":"Organization-Organization-Example.html","generation":"generated"},{"nameUrl":"HealthcareService-MCSDHealthcareService-Example.html","generation":"generated"},{"nameUrl":"Organization-MCSDJurisdictionOrganization-Example.html","generation":"generated"},{"nameUrl":"Bundle-Example-MCSD.html","generation":"generated"},{"nameUrl":"PractitionerRole-MCSDPractitionerRole-Example.html","generation":"generated"},{"nameUrl":"Organization-MCSDFacilityOrganization-Example.html","generation":"generated"},{"nameUrl":"Practitioner-MCSDPractitioner-Example.html","generation":"generated"},{"nameUrl":"Bundle-Example-CoreOnly.html","generation":"generated"},{"nameUrl":"Location-MCSDFacilityLocation-Example.html","generation":"generated"}]}]},"parameter":[{"code":"path-resource","value":"input/capabilities"},{"code":"path-resource","value":"input/examples"},{"code":"path-resource","value":"input/extensions"},{"code":"path-resource","value":"input/models"},{"code":"path-resource","value":"input/operations"},{"code":"path-resource","value":"input/profiles"},{"code":"path-resource","value":"input/resources"},{"code":"path-resource","value":"input/vocabulary"},{"code":"path-resource","value":"input/maps"},{"code":"path-resource","value":"input/testing"},{"code":"path-resource","value":"input/history"},{"code":"path-resource","value":"fsh-generated/resources"},{"code":"path-pages","value":"template/config"},{"code":"path-pages","value":"input/images"},{"code":"path-tx-cache","value":"input-cache/txcache"}]}}