{"resourceType":"SearchParameter","id":"IHE.mCSD.Organization.HierarchyType","url":"http://profiles.ihe.net/ITI/mCSD/SearchParameter/IHE.mCSD.Organization.HierarchyType","version":"0.2.0","name":"ihe-mcsd-hierarchy-type","status":"active","date":"2021-07-06T18:18:45+00:00","publisher":"IHE International - ITI domain Group","contact":[{"name":"IHE","telecom":[{"system":"url","value":"http://ihe.net"}]}],"description":"This Search Parameter enables finding Organizations by the hierarchy type.","jurisdiction":[{"coding":[{"system":"http://unstats.un.org/unsd/methods/m49/m49.htm","code":"001"}]}],"code":"ihe-mcsd-hierarchy-type","base":["Organization"],"type":"token","expression":"(extension('http://profiles.ihe.net/ITI/mCSD/StructureDefinition/IHE.mCSD.OrganizationHierarchy').extension('hierarchy-type).value as CodeableConcept)"}