<?xml version="1.0" encoding="UTF-8"?><SearchParameter xmlns="http://hl7.org/fhir"><id value="IHE.mCSD.Organization.HierarchyType"/><url value="http://profiles.ihe.net/ITI/mCSD/SearchParameter/IHE.mCSD.Organization.HierarchyType"/><version value="0.2.0"/><name value="ihe-mcsd-hierarchy-type"/><status value="active"/><date value="2021-05-06T19:49:15+00:00"/><publisher value="IHE International - ITI domain Group"/><contact><name value="IHE"/><telecom><system value="url"/><value value="http://ihe.net"/></telecom></contact><description value="This Search Parameter enables finding Organizations by the hierarchy type."/><jurisdiction><coding><system value="http://unstats.un.org/unsd/methods/m49/m49.htm"/><code value="001"/></coding></jurisdiction><code value="ihe-mcsd-hierarchy-type"/><base value="Organization"/><type value="token"/><expression value="(extension(&#39;http://profiles.ihe.net/ITI/mCSD/StructureDefinition/IHE.mCSD.OrganizationHierarchy&#39;).extension(&#39;hierarchy-type).value as CodeableConcept)"/></SearchParameter>