﻿{
  "openapi": "3.0.2",
  "info": {
    "title": "IHE ITI Mobile Care Services Discovery (mCSD) - Care Services Selective Supplier Location Distance Option",
    "description": "CapabilityStatement for Care Services Selective Supplier Actor with the Location Distance option in the IHE IT Infrastructure Technical Framework Supplement IHE mCSD. See http://wiki.ihe.net/index.php/Mobile_Care_Services_Discovery_(mCSD).  The IHE Profile text is Normative, this conformance resource is Informative.",
    "license": {
      "name": "Creative Commons Zero v1.0 Universal",
      "url": "http://spdx.org/licenses/CC0-1.0.html"
    },
    "version": "0.2.0",
    "contact": {
      "name": "IHE",
      "url": "http://ihe.net"
    }
  },
  "externalDocs": {
    "url": "http://profiles.ihe.net/ITI/mCSD/CapabilityStatement/IHE.mCSD.CareServicesSelectiveSupplier.LocationDistance",
    "description": "FHIR CapabilityStatement"
  },
  "paths": {
    "/metadata": {
      "summary": "Access to the Server\u0027s Capability Statement",
      "description": "All FHIR Servers return a CapabilityStatement that describes what services they perform",
      "get": {
        "summary": "Return the server\u0027s capability statement",
        "operationId": "metadata",
        "responses": {
          "default": {
            "description": "Error, with details",
            "content": {
              "application/fhir+json": {
                "schema": {
                  "$ref": "https://hl7.org/fhir/R4/fhir.schema.json#/definitions/OperationOutcome"
                }
              },
              "application/fhir+xml": {
                "schema": {
                  "$ref": "https://hl7.org/fhir/R4/OperationOutcome.xsd"
                }
              }
            }
          },
          "200": {
            "description": "the capbility statement",
            "content": {
              "application/fhir+json": {
                "schema": {
                  "$ref": "https://hl7.org/fhir/R4/fhir.schema.json#/definitions/CapabilityStatement"
                }
              },
              "application/fhir+xml": {
                "schema": {
                  "$ref": "https://hl7.org/fhir/R4/CapabilityStatement.xsd"
                }
              }
            }
          }
        },
        "parameters": [
          {
            "$ref": "#/components/parameters/format"
          },
          {
            "$ref": "#/components/parameters/pretty"
          },
          {
            "$ref": "#/components/parameters/summary"
          },
          {
            "$ref": "#/components/parameters/elements"
          }
        ]
      }
    },
    "/Location": {
      "summary": "manage the collection of resources of type Location",
      "description": "Access to services to manage the collection of all resources of type Location",
      "get": {
        "summary": "Search all resources of type Location based on a set of criteria",
        "operationId": "searchLocation",
        "responses": {
          "default": {
            "description": "Error, with details",
            "content": {
              "application/fhir+json": {
                "schema": {
                  "$ref": "https://hl7.org/fhir/R4/fhir.schema.json#/definitions/OperationOutcome"
                }
              },
              "application/fhir+xml": {
                "schema": {
                  "$ref": "https://hl7.org/fhir/R4/OperationOutcome.xsd"
                }
              }
            }
          },
          "200": {
            "description": "the resource being returned",
            "content": {
              "application/fhir+json": {
                "schema": {
                  "$ref": "https://hl7.org/fhir/R4/fhir.schema.json#/definitions/Bundle"
                }
              },
              "application/fhir+xml": {
                "schema": {
                  "$ref": "https://hl7.org/fhir/R4/Bundle.xsd"
                }
              }
            }
          }
        },
        "parameters": [
          {
            "$ref": "#/components/parameters/format"
          },
          {
            "$ref": "#/components/parameters/pretty"
          },
          {
            "$ref": "#/components/parameters/summary"
          },
          {
            "$ref": "#/components/parameters/elements"
          },
          {
            "name": "near",
            "in": "query",
            "schema": {
              "type": "string"
            }
          },
          {
            "name": "near-distance",
            "in": "query",
            "schema": {
              "type": "string"
            }
          }
        ]
      }
    }
  },
  "components": {
    "parameters": {
      "rid": {
        "name": "rid",
        "in": "path",
        "description": "id of the resource (\u003dResource.id)",
        "required": true,
        "allowEmptyValue": false,
        "style": "simple",
        "schema": {
          "type": "string"
        }
      },
      "hid": {
        "name": "hid",
        "in": "path",
        "description": "id of the history entry (\u003dResource.meta.versionId)",
        "required": true,
        "allowEmptyValue": false,
        "style": "simple",
        "schema": {
          "type": "string"
        }
      },
      "summary": {
        "name": "_summary",
        "in": "query",
        "description": "Requests the server to return a designated subset of the resource",
        "allowEmptyValue": true,
        "style": "form",
        "schema": {
          "type": "string",
          "enum": [
            "true",
            "text",
            "data",
            "count",
            "false"
          ]
        }
      },
      "format": {
        "name": "_format",
        "in": "query",
        "description": "Specify alternative response formats by their MIME-types (when a client is unable acccess accept: header)",
        "allowEmptyValue": true,
        "style": "form",
        "schema": {
          "type": "string",
          "format": "mime-type"
        }
      },
      "pretty": {
        "name": "_pretty",
        "in": "query",
        "description": "Ask for a pretty printed response for human convenience",
        "allowEmptyValue": true,
        "style": "form",
        "schema": {
          "type": "boolean"
        }
      },
      "elements": {
        "name": "_elements",
        "in": "query",
        "description": "Requests the server to return a collection of elements from the resource",
        "allowEmptyValue": true,
        "style": "form",
        "explode": false,
        "schema": {
          "type": "array",
          "format": "string",
          "items": {
            "format": "string"
          }
        }
      },
      "count": {
        "name": "_count",
        "in": "query",
        "description": "The maximum number of search results on a page. The server is not bound to return the number requested, but cannot return more",
        "schema": {
          "type": "number"
        }
      }
    }
  }
}