{
  "resourceType": "SearchParameter",
  "id": "IHE.mCSD.Organization.HierarchyPartOf",
  "text": {
    "status": "generated",
    "div": "<div xmlns=\"http://www.w3.org/1999/xhtml\"><p><b>Generated Narrative</b></p><p><b>url</b>: <code>http://profiles.ihe.net/ITI/mCSD/SearchParameter/IHE.mCSD.Organization.HierarchyPartOf</code></p><p><b>version</b>: 0.2.0</p><p><b>name</b>: ihe-mcsd-hierarchy-partof</p><p><b>status</b>: active</p><p><b>date</b>: May 27, 2021, 8:51:30 PM</p><p><b>publisher</b>: IHE International - ITI domain Group</p><p><b>contact</b>: IHE: <a href=\"http://ihe.net\">http://ihe.net</a></p><p><b>description</b>: This Search Parameter enables finding Organizations by the hierarchy part of.</p><p><b>jurisdiction</b>: <span title=\"Codes: {http://unstats.un.org/unsd/methods/m49/m49.htm 001}\">World</span></p><p><b>code</b>: ihe-mcsd-hierarchy-partof</p><p><b>base</b>: Organization</p><p><b>type</b>: reference</p><p><b>expression</b>: (extension('http://profiles.ihe.net/ITI/mCSD/StructureDefinition/IHE.mCSD.OrganizationHierarchy').extension('part-of).value as Reference)</p><p><b>modifier</b>: below, above</p></div>"
  },
  "url": "http://profiles.ihe.net/ITI/mCSD/SearchParameter/IHE.mCSD.Organization.HierarchyPartOf",
  "version": "0.2.0",
  "name": "ihe-mcsd-hierarchy-partof",
  "status": "active",
  "date": "2021-05-27T20:51:30+00:00",
  "publisher": "IHE International - ITI domain Group",
  "contact": [
    {
      "name": "IHE",
      "telecom": [
        {
          "system": "url",
          "value": "http://ihe.net"
        }
      ]
    }
  ],
  "description": "This Search Parameter enables finding Organizations by the hierarchy part of.",
  "jurisdiction": [
    {
      "coding": [
        {
          "system": "http://unstats.un.org/unsd/methods/m49/m49.htm",
          "code": "001"
        }
      ]
    }
  ],
  "code": "ihe-mcsd-hierarchy-partof",
  "base": [
    "Organization"
  ],
  "type": "reference",
  "expression": "(extension('http://profiles.ihe.net/ITI/mCSD/StructureDefinition/IHE.mCSD.OrganizationHierarchy').extension('part-of).value as Reference)",
  "modifier": [
    "below",
    "above"
  ]
}