<?xml version="1.0" encoding="UTF-8"?>

<Location xmlns="http://hl7.org/fhir">
  <id value="Location-Example"/>
  <text>
    <status value="generated"/><div xmlns="http://www.w3.org/1999/xhtml"><p><b>Generated Narrative</b></p><p><b>status</b>: active</p><p><b>name</b>: Location-Example</p><p><b>managingOrganization</b>: <a href="Organization-Organization-Example.html">Generated Summary: active; name: Organization-Example</a></p></div>
  </text>
  <status value="active"/>
  <name value="Location-Example"/>
  <managingOrganization>
    <reference value="Organization/Organization-Example"/>
  </managingOrganization>
</Location>