<?xml version="1.0" encoding="UTF-8"?>

<Organization xmlns="http://hl7.org/fhir">
  <id value="MCSDFacilityOrganization-Example"/>
  <meta>
    <profile value="https://profiles.ihe.net/ITI/mCSD/StructureDefinition/IHE.mCSD.FacilityOrganization"/>
  </meta>
  <text>
    <status value="extensions"/><div xmlns="http://www.w3.org/1999/xhtml"><p><b>Generated Narrative</b></p><blockquote><p><b>mCSD Additional Hierarchies extension for mCSD Organization.</b></p><p><b>value</b>: <span title="Codes: ">ihe-mcsd-hierarchy-type</span></p><p><b>value</b>: <a href="Organization-MCSDOrganization-ExamplePartner.html">Generated Summary: active; <span title="Codes: ">govt</span>; name: Organization-ExamplePartner</a></p></blockquote><p><b>active</b>: true</p><p><b>type</b>: <span title="Codes: {urn:ietf:rfc:3986 govt}">govt</span>, <span title="Codes: {https://github.com/ihe/ITI.mCSD Facility}">Facility</span></p><p><b>name</b>: MCSDFacilityOrganization-Example</p><p><b>partOf</b>: <a href="Organization-MCSDJurisdictionOrganization-Example.html">Generated Summary: active; <span title="Codes: {urn:ietf:rfc:3986 govt}">govt</span>, <span title="Codes: {https://github.com/ihe/ITI.mCSD Jurisdiction}">Jurisdiction</span>; name: MCSDJurisdictionOrganization-Example</a></p></div>
  </text>
  <extension url="https://profiles.ihe.net/ITI/mCSD/StructureDefinition/IHE.mCSD.OrganizationHierarchy">
    <extension url="hierarchy-type">
      <valueCodeableConcept>
        <coding>
          <code value="ihe-mcsd-hierarchy-type"/>
        </coding>
      </valueCodeableConcept>
    </extension>
    <extension url="part-of">
      <valueReference>
        <reference value="Organization/MCSDOrganization-ExamplePartner"/>
      </valueReference>
    </extension>
  </extension>
  <active value="true"/>
  <type>
    <coding>
      <system value="urn:ietf:rfc:3986"/>
      <code value="govt"/>
    </coding>
  </type>
  <type>
    <coding>
      <system value="https://github.com/ihe/ITI.mCSD"/>
      <code value="Facility"/>
    </coding>
  </type>
  <name value="MCSDFacilityOrganization-Example"/>
  <partOf>
    <reference value="Organization/MCSDJurisdictionOrganization-Example"/>
  </partOf>
</Organization>